CREATE TABLE KLIJENT 
(
    IDK INTEGER NOT NULL,
    IMEK VARCHAR (20) NOT NULL,
    PRZK VARCHAR (20) NOT NULL,
    GOD DATE NOT NULL, 
    
    CONSTRAINT KLIJENT_PK PRIMARY KEY (IDK)
);

CREATE TABLE TIPKREDITA 
(
    IDT VARCHAR(3) NOT NULL,
    NAZT VARCHAR (20) NOT NULL,
    PROCENAT NUMBER NOT NULL,

    CONSTRAINT TIPKREDITA_PK PRIMARY KEY (IDT)
);

CREATE TABLE BANKA 
(
    IDB VARCHAR (3) NOT NULL,
    NAZB VARCHAR (20) NOT NULL,
    DRZISO VARCHAR (3) NOT NULL,

    CONSTRAINT BANKA_PK PRIMARY KEY (IDB)
);

CREATE  TABLE KREDIT 
(
    IDKR INTEGER NOT NULL,
    KLIJENT INTEGER NOT NULL,
    BANKA VARCHAR (3) NOT NULL,
    TIP VARCHAR (3) NOT NULL,
    TRAZIZN NUMBER NOT NULL,
    ODOBIZN NUMBER NOT NULL,
    VAL VARCHAR(3) NOT NULL,

    CONSTRAINT KREDIT_PK PRIMARY KEY (IDKR),
    CONSTRAINT KLIJENT_FK FOREIGN KEY (KLIJENT) REFERENCES KLIJENT(IDK), 
    CONSTRAINT BANKA_FK FOREIGN KEY (BANKA) REFERENCES BANKA(IDB), 
    CONSTRAINT TIPKREDITA_FK FOREIGN KEY (TIP) REFERENCES TIPKREDITA(IDT)
);

INSERT INTO KLIJENT (IDK, IMEK, PRZK, GOD) VALUES (100, 'Petar', 'Petrovic', '10-Jan-1950');
INSERT INTO KLIJENT (IDK, IMEK, PRZK, GOD) VALUES (200, 'Jovan', 'jovanovic', '4-Mar-1960');
INSERT INTO KLIJENT (IDK, IMEK, PRZK, GOD) VALUES (300, 'Nikola', 'Nikolic', '5-Jun-1970');
INSERT INTO KLIJENT (IDK, IMEK, PRZK, GOD) VALUES (400, 'Ivan', 'ivanovic', '1-Aug-1980');
INSERT INTO KLIJENT (IDK, IMEK, PRZK, GOD) VALUES (500, 'Ana', 'Nikolic', '2-Sep-1985');
INSERT INTO KLIJENT (IDK, IMEK, PRZK, GOD) VALUES (600, 'Petar', 'Petrovic', '10-Jan-1950');
INSERT INTO KLIJENT (IDK, IMEK, PRZK, GOD) VALUES (700, 'Jovan', 'Jovanovic', '4-Mar-1960');
INSERT INTO KLIJENT (IDK, IMEK, PRZK, GOD) VALUES (800, 'Nikola', 'Nikolic', '5-Jun-1970');
INSERT INTO KLIJENT (IDK, IMEK, PRZK, GOD) VALUES (900, 'Ivan', 'Ivanovic', '1-Aug-1980');
INSERT INTO KLIJENT (IDK, IMEK, PRZK, GOD) VALUES (1000, 'Ana', 'Nikolic', '2-Sep-1985');
INSERT INTO KLIJENT (IDK, IMEK, PRZK, GOD) VALUES (1100, 'Ivana', 'Peric', '3-oct-1975');

INSERT INTO TIPKREDITA (IDT, NAZT, PROCENAT) VALUES ('T1', 'Gotovinski', 10);
INSERT INTO TIPKREDITA (IDT, NAZT, PROCENAT) VALUES ('T2', 'Stambeni', 8);
INSERT INTO TIPKREDITA (IDT, NAZT, PROCENAT) VALUES ('T3', 'Auto', 12);
INSERT INTO TIPKREDITA (IDT, NAZT, PROCENAT) VALUES ('T4', 'Poljoprivredni', 9);

INSERT INTO BANKA (IDB, NAZB, DRZISO) VALUES ('B1', 'BancaIntesa', 'ITA');
INSERT INTO BANKA (IDB, NAZB, DRZISO) VALUES ('B2', 'Erste Bank', 'AUT');
INSERT INTO BANKA (IDB, NAZB, DRZISO) VALUES ('B3', 'Raiffeisen', 'AUT');
INSERT INTO BANKA (IDB, NAZB, DRZISO) VALUES ('B4', 'AIK', 'SRB');
INSERT INTO BANKA (IDB, NAZB, DRZISO) VALUES ('B5', 'Societe Generale', 'FRA');

INSERT INTO KREDIT (IDKR, KLIJENT, BANKA, TIP, TRAZIZN, ODOBIZN, VAL) VALUES (1, 100, 'B1', 'T1', 10000, 9700, 'USD');
INSERT INTO KREDIT (IDKR, KLIJENT, BANKA, TIP, TRAZIZN, ODOBIZN, VAL) VALUES (2, 200, 'B3', 'T2', 5000, 2000, 'USD');
INSERT INTO KREDIT (IDKR, KLIJENT, BANKA, TIP, TRAZIZN, ODOBIZN, VAL) VALUES (3, 300, 'B1', 'T3',3000, 3000, 'EUR');
INSERT INTO KREDIT (IDKR, KLIJENT, BANKA, TIP, TRAZIZN, ODOBIZN, VAL) VALUES (4, 400, 'B1', 'T2',4000, 3000 , 'CHF');
INSERT INTO KREDIT (IDKR, KLIJENT, BANKA, TIP, TRAZIZN, ODOBIZN, VAL) VALUES (5, 500, 'B2', 'T1',20000, 19000, 'CHF');
INSERT INTO KREDIT (IDKR, KLIJENT, BANKA, TIP, TRAZIZN, ODOBIZN, VAL) VALUES (6, 600, 'B4', 'T3',10000, 9000 , 'USD');
INSERT INTO KREDIT (IDKR, KLIJENT, BANKA, TIP, TRAZIZN, ODOBIZN, VAL) VALUES (7, 700, 'B2', 'T2',8000, 8000 , 'EUR' );
INSERT INTO KREDIT (IDKR, KLIJENT, BANKA, TIP, TRAZIZN, ODOBIZN, VAL) VALUES (8, 800, 'B1', 'T1' ,1000, 500 , 'EUR');
INSERT INTO KREDIT (IDKR, KLIJENT, BANKA, TIP, TRAZIZN, ODOBIZN, VAL) VALUES (9, 900, 'B3', 'T2',10000, 10000, 'CHF');